{"cameraMode":{"drawMode":0,"name":"Shaded","section":"Shading Mode"},"sceneLighting":true,"audioPlay":false,"sceneViewState":{"showFog":true,"showMaterialUpdate":true,"showSkybox":true,"showFlares":true,"showImageEffects":true,"showParticleSystems":true},"in2DMode":false,"pivot":{"x":13.562775611877442,"y":-9.244029998779297,"z":-9.389076232910157},"rotation":{"x":0.372613787651062,"y":0.01809510961174965,"z":-0.0072649456560611729,"w":0.9277864098548889},"size":48.00706481933594,"orthographic":false}